[{"model": "admin.logentry", "pk": 1, "fields": {"action_time": "2024-12-09T16:27:56.054Z", "user": 1, "content_type": 4, "object_id": "2", "object_repr": "tina_boye", "action_flag": 1, "change_message": "[{\"added\": {}}]"}}, {"model": "admin.logentry", "pk": 2, "fields": {"action_time": "2024-12-09T16:28:53.161Z", "user": 1, "content_type": 4, "object_id": "3", "object_repr": "emily_pessina", "action_flag": 1, "change_message": "[{\"added\": {}}]"}}, {"model": "admin.logentry", "pk": 3, "fields": {"action_time": "2024-12-09T16:29:07.259Z", "user": 1, "content_type": 4, "object_id": "4", "object_repr": "cordie", "action_flag": 1, "change_message": "[{\"added\": {}}]"}}, {"model": "admin.logentry", "pk": 4, "fields": {"action_time": "2024-12-09T16:29:17.025Z", "user": 1, "content_type": 4, "object_id": "5", "object_repr": "grace_singleton", "action_flag": 1, "change_message": "[{\"added\": {}}]"}}, {"model": "admin.logentry", "pk": 5, "fields": {"action_time": "2024-12-09T16:29:42.901Z", "user": 1, "content_type": 4, "object_id": "6", "object_repr": "duncan_chamberlain", "action_flag": 1, "change_message": "[{\"added\": {}}]"}}, {"model": "admin.logentry", "pk": 6, "fields": {"action_time": "2024-12-09T16:34:56.962Z", "user": 1, "content_type": 12, "object_id": "1", "object_repr": "Eva Romero", "action_flag": 1, "change_message": "[{\"added\": {}}]"}}, {"model": "admin.logentry", "pk": 7, "fields": {"action_time": "2024-12-09T16:35:08.388Z", "user": 1, "content_type": 12, "object_id": "2", "object_repr": "Emily Pessina", "action_flag": 1, "change_message": "[{\"added\": {}}]"}}, {"model": "admin.logentry", "pk": 8, "fields": {"action_time": "2024-12-09T16:35:38.643Z", "user": 1, "content_type": 14, "object_id": "1", "object_repr": "Gaming Headphones", "action_flag": 1, "change_message": "[{\"added\": {}}]"}}, {"model": "admin.logentry", "pk": 9, "fields": {"action_time": "2024-12-09T16:35:51.458Z", "user": 1, "content_type": 14, "object_id": "2", "object_repr": "Puzzle", "action_flag": 1, "change_message": "[{\"added\": {}}]"}}, {"model": "admin.logentry", "pk": 10, "fields": {"action_time": "2024-12-09T16:36:09.917Z", "user": 1, "content_type": 13, "object_id": "1", "object_repr": "Electronics", "action_flag": 1, "change_message": "[{\"added\": {}}]"}}, {"model": "admin.logentry", "pk": 11, "fields": {"action_time": "2024-12-09T16:36:13.183Z", "user": 1, "content_type": 13, "object_id": "2", "object_repr": "Miscellaneous", "action_flag": 1, "change_message": "[{\"added\": {}}]"}}, {"model": "admin.logentry", "pk": 12, "fields": {"action_time": "2024-12-09T16:36:18.841Z", "user": 1, "content_type": 14, "object_id": "2", "object_repr": "Puzzle", "action_flag": 2, "change_message": "[{\"changed\": {\"fields\": [\"Category\"]}}]"}}, {"model": "admin.logentry", "pk": 13, "fields": {"action_time": "2024-12-09T16:36:22.408Z", "user": 1, "content_type": 14, "object_id": "1", "object_repr": "Gaming Headphones", "action_flag": 2, "change_message": "[{\"changed\": {\"fields\": [\"Category\"]}}]"}}, {"model": "admin.logentry", "pk": 14, "fields": {"action_time": "2024-12-09T17:48:40.856Z", "user": 1, "content_type": 14, "object_id": "3", "object_repr": "Computer", "action_flag": 1, "change_message": "[{\"added\": {}}]"}}, {"model": "admin.logentry", "pk": 15, "fields": {"action_time": "2024-12-09T17:49:32.885Z", "user": 1, "content_type": 14, "object_id": "4", "object_repr": "Desk", "action_flag": 1, "change_message": "[{\"added\": {}}]"}}, {"model": "admin.logentry", "pk": 16, "fields": {"action_time": "2024-12-09T17:49:34.844Z", "user": 1, "content_type": 14, "object_id": "4", "object_repr": "Desk", "action_flag": 2, "change_message": "[]"}}, {"model": "admin.logentry", "pk": 17, "fields": {"action_time": "2024-12-09T17:49:41.153Z", "user": 1, "content_type": 13, "object_id": "3", "object_repr": "Furniture", "action_flag": 1, "change_message": "[{\"added\": {}}]"}}, {"model": "admin.logentry", "pk": 18, "fields": {"action_time": "2024-12-09T17:50:07.383Z", "user": 1, "content_type": 14, "object_id": "4", "object_repr": "Desk", "action_flag": 2, "change_message": "[{\"changed\": {\"fields\": [\"Category\", \"Picture\"]}}]"}}, {"model": "admin.logentry", "pk": 19, "fields": {"action_time": "2024-12-09T18:33:22.484Z", "user": 1, "content_type": 15, "object_id": "1", "object_repr": "Inquiry by Eva on Puzzle", "action_flag": 1, "change_message": "[{\"added\": {}}]"}}, {"model": "admin.logentry", "pk": 20, "fields": {"action_time": "2024-12-10T00:12:16.840Z", "user": 1, "content_type": 15, "object_id": "7", "object_repr": "Inquiry by Emily on Gaming Headphones", "action_flag": 1, "change_message": "[{\"added\": {}}]"}}, {"model": "admin.logentry", "pk": 21, "fields": {"action_time": "2024-12-10T00:54:57.905Z", "user": 1, "content_type": 13, "object_id": "4", "object_repr": "Musical Instruments", "action_flag": 1, "change_message": "[{\"added\": {}}]"}}, {"model": "admin.logentry", "pk": 22, "fields": {"action_time": "2024-12-10T00:55:18.010Z", "user": 1, "content_type": 13, "object_id": "5", "object_repr": "Pet Supplies", "action_flag": 1, "change_message": "[{\"added\": {}}]"}}, {"model": "admin.logentry", "pk": 23, "fields": {"action_time": "2024-12-10T00:55:29.434Z", "user": 1, "content_type": 13, "object_id": "6", "object_repr": "Sporting Goods", "action_flag": 1, "change_message": "[{\"added\": {}}]"}}, {"model": "admin.logentry", "pk": 24, "fields": {"action_time": "2024-12-10T00:55:33.181Z", "user": 1, "content_type": 13, "object_id": "7", "object_repr": "Toys and Games", "action_flag": 1, "change_message": "[{\"added\": {}}]"}}, {"model": "admin.logentry", "pk": 25, "fields": {"action_time": "2024-12-10T00:55:49.091Z", "user": 1, "content_type": 13, "object_id": "8", "object_repr": "Jewelry", "action_flag": 1, "change_message": "[{\"added\": {}}]"}}, {"model": "admin.logentry", "pk": 26, "fields": {"action_time": "2024-12-10T00:56:15.966Z", "user": 1, "content_type": 13, "object_id": "9", "object_repr": "Arts & Crafts", "action_flag": 1, "change_message": "[{\"added\": {}}]"}}, {"model": "admin.logentry", "pk": 27, "fields": {"action_time": "2024-12-10T00:57:26.222Z", "user": 1, "content_type": 12, "object_id": "4", "object_repr": "Cordelia Callaud", "action_flag": 1, "change_message": "[{\"added\": {}}]"}}, {"model": "admin.logentry", "pk": 28, "fields": {"action_time": "2024-12-10T00:57:42.013Z", "user": 1, "content_type": 12, "object_id": "5", "object_repr": "Duncan Chamberlain", "action_flag": 1, "change_message": "[{\"added\": {}}]"}}, {"model": "admin.logentry", "pk": 29, "fields": {"action_time": "2024-12-10T00:58:19.088Z", "user": 1, "content_type": 12, "object_id": "6", "object_repr": "Grace Singleton", "action_flag": 1, "change_message": "[{\"added\": {}}]"}}, {"model": "admin.logentry", "pk": 30, "fields": {"action_time": "2024-12-10T00:59:13.378Z", "user": 1, "content_type": 12, "object_id": "7", "object_repr": "Christina Boye", "action_flag": 1, "change_message": "[{\"added\": {}}]"}}, {"model": "admin.logentry", "pk": 31, "fields": {"action_time": "2024-12-10T01:02:09.901Z", "user": 1, "content_type": 14, "object_id": "6", "object_repr": "Antique Mirror", "action_flag": 1, "change_message": "[{\"added\": {}}]"}}, {"model": "admin.logentry", "pk": 32, "fields": {"action_time": "2024-12-10T01:03:52.172Z", "user": 1, "content_type": 14, "object_id": "7", "object_repr": "Pair of Speakers", "action_flag": 1, "change_message": "[{\"added\": {}}]"}}, {"model": "admin.logentry", "pk": 33, "fields": {"action_time": "2024-12-10T01:13:38.110Z", "user": 1, "content_type": 14, "object_id": "8", "object_repr": "Electronic Drumset", "action_flag": 1, "change_message": "[{\"added\": {}}]"}}, {"model": "admin.logentry", "pk": 34, "fields": {"action_time": "2024-12-10T01:13:41.242Z", "user": 1, "content_type": 14, "object_id": "7", "object_repr": "Pair of Speakers", "action_flag": 2, "change_message": "[]"}}, {"model": "admin.logentry", "pk": 35, "fields": {"action_time": "2024-12-10T01:14:41.601Z", "user": 1, "content_type": 14, "object_id": "9", "object_repr": "Keyboard", "action_flag": 1, "change_message": "[{\"added\": {}}]"}}, {"model": "admin.logentry", "pk": 36, "fields": {"action_time": "2024-12-10T01:15:23.746Z", "user": 1, "content_type": 14, "object_id": "10", "object_repr": "Medium Dog Crate", "action_flag": 1, "change_message": "[{\"added\": {}}]"}}, {"model": "admin.logentry", "pk": 37, "fields": {"action_time": "2024-12-10T01:30:10.199Z", "user": 1, "content_type": 14, "object_id": "11", "object_repr": "Dog Crate", "action_flag": 1, "change_message": "[{\"added\": {}}]"}}, {"model": "auth.permission", "pk": 1, "fields": {"name": "Can add log entry", "content_type": 1, "codename": "add_logentry"}}, {"model": "auth.permission", "pk": 2, "fields": {"name": "Can change log entry", "content_type": 1, "codename": "change_logentry"}}, {"model": "auth.permission", "pk": 3, "fields": {"name": "Can delete log entry", "content_type": 1, "codename": "delete_logentry"}}, {"model": "auth.permission", "pk": 4, "fields": {"name": "Can view log entry", "content_type": 1, "codename": "view_logentry"}}, {"model": "auth.permission", "pk": 5, "fields": {"name": "Can add permission", "content_type": 2, "codename": "add_permission"}}, {"model": "auth.permission", "pk": 6, "fields": {"name": "Can change permission", "content_type": 2, "codename": "change_permission"}}, {"model": "auth.permission", "pk": 7, "fields": {"name": "Can delete permission", "content_type": 2, "codename": "delete_permission"}}, {"model": "auth.permission", "pk": 8, "fields": {"name": "Can view permission", "content_type": 2, "codename": "view_permission"}}, {"model": "auth.permission", "pk": 9, "fields": {"name": "Can add group", "content_type": 3, "codename": "add_group"}}, {"model": "auth.permission", "pk": 10, "fields": {"name": "Can change group", "content_type": 3, "codename": "change_group"}}, {"model": "auth.permission", "pk": 11, "fields": {"name": "Can delete group", "content_type": 3, "codename": "delete_group"}}, {"model": "auth.permission", "pk": 12, "fields": {"name": "Can view group", "content_type": 3, "codename": "view_group"}}, {"model": "auth.permission", "pk": 13, "fields": {"name": "Can add user", "content_type": 4, "codename": "add_user"}}, {"model": "auth.permission", "pk": 14, "fields": {"name": "Can change user", "content_type": 4, "codename": "change_user"}}, {"model": "auth.permission", "pk": 15, "fields": {"name": "Can delete user", "content_type": 4, "codename": "delete_user"}}, {"model": "auth.permission", "pk": 16, "fields": {"name": "Can view user", "content_type": 4, "codename": "view_user"}}, {"model": "auth.permission", "pk": 17, "fields": {"name": "Can add content type", "content_type": 5, "codename": "add_contenttype"}}, {"model": "auth.permission", "pk": 18, "fields": {"name": "Can change content type", "content_type": 5, "codename": "change_contenttype"}}, {"model": "auth.permission", "pk": 19, "fields": {"name": "Can delete content type", "content_type": 5, "codename": "delete_contenttype"}}, {"model": "auth.permission", "pk": 20, "fields": {"name": "Can view content type", "content_type": 5, "codename": "view_contenttype"}}, {"model": "auth.permission", "pk": 21, "fields": {"name": "Can add session", "content_type": 6, "codename": "add_session"}}, {"model": "auth.permission", "pk": 22, "fields": {"name": "Can change session", "content_type": 6, "codename": "change_session"}}, {"model": "auth.permission", "pk": 23, "fields": {"name": "Can delete session", "content_type": 6, "codename": "delete_session"}}, {"model": "auth.permission", "pk": 24, "fields": {"name": "Can view session", "content_type": 6, "codename": "view_session"}}, {"model": "auth.permission", "pk": 25, "fields": {"name": "Can add profile", "content_type": 7, "codename": "add_profile"}}, {"model": "auth.permission", "pk": 26, "fields": {"name": "Can change profile", "content_type": 7, "codename": "change_profile"}}, {"model": "auth.permission", "pk": 27, "fields": {"name": "Can delete profile", "content_type": 7, "codename": "delete_profile"}}, {"model": "auth.permission", "pk": 28, "fields": {"name": "Can view profile", "content_type": 7, "codename": "view_profile"}}, {"model": "auth.permission", "pk": 29, "fields": {"name": "Can add status message", "content_type": 8, "codename": "add_statusmessage"}}, {"model": "auth.permission", "pk": 30, "fields": {"name": "Can change status message", "content_type": 8, "codename": "change_statusmessage"}}, {"model": "auth.permission", "pk": 31, "fields": {"name": "Can delete status message", "content_type": 8, "codename": "delete_statusmessage"}}, {"model": "auth.permission", "pk": 32, "fields": {"name": "Can view status message", "content_type": 8, "codename": "view_statusmessage"}}, {"model": "auth.permission", "pk": 33, "fields": {"name": "Can add image", "content_type": 9, "codename": "add_image"}}, {"model": "auth.permission", "pk": 34, "fields": {"name": "Can change image", "content_type": 9, "codename": "change_image"}}, {"model": "auth.permission", "pk": 35, "fields": {"name": "Can delete image", "content_type": 9, "codename": "delete_image"}}, {"model": "auth.permission", "pk": 36, "fields": {"name": "Can view image", "content_type": 9, "codename": "view_image"}}, {"model": "auth.permission", "pk": 37, "fields": {"name": "Can add friend", "content_type": 10, "codename": "add_friend"}}, {"model": "auth.permission", "pk": 38, "fields": {"name": "Can change friend", "content_type": 10, "codename": "change_friend"}}, {"model": "auth.permission", "pk": 39, "fields": {"name": "Can delete friend", "content_type": 10, "codename": "delete_friend"}}, {"model": "auth.permission", "pk": 40, "fields": {"name": "Can view friend", "content_type": 10, "codename": "view_friend"}}, {"model": "auth.permission", "pk": 41, "fields": {"name": "Can add voter", "content_type": 11, "codename": "add_voter"}}, {"model": "auth.permission", "pk": 42, "fields": {"name": "Can change voter", "content_type": 11, "codename": "change_voter"}}, {"model": "auth.permission", "pk": 43, "fields": {"name": "Can delete voter", "content_type": 11, "codename": "delete_voter"}}, {"model": "auth.permission", "pk": 44, "fields": {"name": "Can view voter", "content_type": 11, "codename": "view_voter"}}, {"model": "auth.permission", "pk": 45, "fields": {"name": "Can add profile", "content_type": 12, "codename": "add_profile"}}, {"model": "auth.permission", "pk": 46, "fields": {"name": "Can change profile", "content_type": 12, "codename": "change_profile"}}, {"model": "auth.permission", "pk": 47, "fields": {"name": "Can delete profile", "content_type": 12, "codename": "delete_profile"}}, {"model": "auth.permission", "pk": 48, "fields": {"name": "Can view profile", "content_type": 12, "codename": "view_profile"}}, {"model": "auth.permission", "pk": 49, "fields": {"name": "Can add category", "content_type": 13, "codename": "add_category"}}, {"model": "auth.permission", "pk": 50, "fields": {"name": "Can change category", "content_type": 13, "codename": "change_category"}}, {"model": "auth.permission", "pk": 51, "fields": {"name": "Can delete category", "content_type": 13, "codename": "delete_category"}}, {"model": "auth.permission", "pk": 52, "fields": {"name": "Can view category", "content_type": 13, "codename": "view_category"}}, {"model": "auth.permission", "pk": 53, "fields": {"name": "Can add listing", "content_type": 14, "codename": "add_listing"}}, {"model": "auth.permission", "pk": 54, "fields": {"name": "Can change listing", "content_type": 14, "codename": "change_listing"}}, {"model": "auth.permission", "pk": 55, "fields": {"name": "Can delete listing", "content_type": 14, "codename": "delete_listing"}}, {"model": "auth.permission", "pk": 56, "fields": {"name": "Can view listing", "content_type": 14, "codename": "view_listing"}}, {"model": "auth.permission", "pk": 57, "fields": {"name": "Can add inquiry", "content_type": 15, "codename": "add_inquiry"}}, {"model": "auth.permission", "pk": 58, "fields": {"name": "Can change inquiry", "content_type": 15, "codename": "change_inquiry"}}, {"model": "auth.permission", "pk": 59, "fields": {"name": "Can delete inquiry", "content_type": 15, "codename": "delete_inquiry"}}, {"model": "auth.permission", "pk": 60, "fields": {"name": "Can view inquiry", "content_type": 15, "codename": "view_inquiry"}}, {"model": "auth.user", "pk": 1, "fields": {"password": "pbkdf2_sha256$870000$SfgT8jT2O06askaYHKBfpl$d7XLEWGFMORnHE5Zsft6bJjwEaFXA5yKGa29/yJZ6Pk=", "last_login": "2024-12-10T05:46:28.367Z", "is_superuser": true, "username": "evaromero", "first_name": "", "last_name": "", "email": "eromero3@bu.edu", "is_staff": true, "is_active": true, "date_joined": "2024-12-09T16:26:58.382Z", "groups": [], "user_permissions": []}}, {"model": "auth.user", "pk": 2, "fields": {"password": "pbkdf2_sha256$870000$Gw4XJq8dmOy17N0X41pG9q$aCpVmSmuC43OQ6C+6NAJYlQrsObchZ8VHmUjYyAK/no=", "last_login": null, "is_superuser": false, "username": "tina_boye", "first_name": "", "last_name": "", "email": "", "is_staff": false, "is_active": true, "date_joined": "2024-12-09T16:27:55.804Z", "groups": [], "user_permissions": []}}, {"model": "auth.user", "pk": 3, "fields": {"password": "pbkdf2_sha256$870000$nek1u2O29nuVwsdk0Gz5aH$H8ZEnZ+MF2Sed/M/li1n7ymk7UXDxfrTtoyWuSbsfz0=", "last_login": "2024-12-10T04:59:03.938Z", "is_superuser": false, "username": "emily_pessina", "first_name": "", "last_name": "", "email": "", "is_staff": false, "is_active": true, "date_joined": "2024-12-09T16:28:52.919Z", "groups": [], "user_permissions": []}}, {"model": "auth.user", "pk": 4, "fields": {"password": "pbkdf2_sha256$870000$wn4zNJaVrKot3zHn5r6qx8$CZcF3XCF0MDwn/3S9UN3dsErQdwQl+HQVGGVVhUNll4=", "last_login": null, "is_superuser": false, "username": "cordie", "first_name": "", "last_name": "", "email": "", "is_staff": false, "is_active": true, "date_joined": "2024-12-09T16:29:07.017Z", "groups": [], "user_permissions": []}}, {"model": "auth.user", "pk": 5, "fields": {"password": "pbkdf2_sha256$870000$cwNYTvY5FrF9GrBVlyoDm5$7pAZI2ccX7lJXXRdpGbaPJtfAV66XnZrm7ndSWw5DMk=", "last_login": null, "is_superuser": false, "username": "grace_singleton", "first_name": "", "last_name": "", "email": "", "is_staff": false, "is_active": true, "date_joined": "2024-12-09T16:29:16.786Z", "groups": [], "user_permissions": []}}, {"model": "auth.user", "pk": 6, "fields": {"password": "pbkdf2_sha256$870000$bc6bNuGczsJD8zrEuzw4tf$yjDrP25MzCfCqyDagLlNOSjq1pWDi6ybBZg8VkgZ/ZM=", "last_login": null, "is_superuser": false, "username": "duncan_chamberlain", "first_name": "", "last_name": "", "email": "", "is_staff": false, "is_active": true, "date_joined": "2024-12-09T16:29:42.664Z", "groups": [], "user_permissions": []}}, {"model": "auth.user", "pk": 7, "fields": {"password": "pbkdf2_sha256$870000$MGAzIFkDhqCBDfWUzYejDx$CL3YCb86bMcp5kItmlZrHHy6MXX6v6XXnZOEy2kRY3c=", "last_login": "2024-12-09T17:35:04.462Z", "is_superuser": false, "username": "kate_rome", "first_name": "", "last_name": "", "email": "", "is_staff": false, "is_active": true, "date_joined": "2024-12-09T17:31:19.469Z", "groups": [], "user_permissions": []}}, {"model": "contenttypes.contenttype", "pk": 1, "fields": {"app_label": "admin", "model": "logentry"}}, {"model": "contenttypes.contenttype", "pk": 2, "fields": {"app_label": "auth", "model": "permission"}}, {"model": "contenttypes.contenttype", "pk": 3, "fields": {"app_label": "auth", "model": "group"}}, {"model": "contenttypes.contenttype", "pk": 4, "fields": {"app_label": "auth", "model": "user"}}, {"model": "contenttypes.contenttype", "pk": 5, "fields": {"app_label": "contenttypes", "model": "contenttype"}}, {"model": "contenttypes.contenttype", "pk": 6, "fields": {"app_label": "sessions", "model": "session"}}, {"model": "contenttypes.contenttype", "pk": 7, "fields": {"app_label": "mini_fb", "model": "profile"}}, {"model": "contenttypes.contenttype", "pk": 8, "fields": {"app_label": "mini_fb", "model": "statusmessage"}}, {"model": "contenttypes.contenttype", "pk": 9, "fields": {"app_label": "mini_fb", "model": "image"}}, {"model": "contenttypes.contenttype", "pk": 10, "fields": {"app_label": "mini_fb", "model": "friend"}}, {"model": "contenttypes.contenttype", "pk": 11, "fields": {"app_label": "voter_analytics", "model": "voter"}}, {"model": "contenttypes.contenttype", "pk": 12, "fields": {"app_label": "project", "model": "profile"}}, {"model": "contenttypes.contenttype", "pk": 13, "fields": {"app_label": "project", "model": "category"}}, {"model": "contenttypes.contenttype", "pk": 14, "fields": {"app_label": "project", "model": "listing"}}, {"model": "contenttypes.contenttype", "pk": 15, "fields": {"app_label": "project", "model": "inquiry"}}, {"model": "sessions.session", "pk": "5q7j3s1izdwz3nds36brosx9oxfi5zhf", "fields": {"session_data": ".eJxVjEsOAiEQBe_C2hCwaWhcup8zEOgmMmqGZD4r4911klno9lXVe6mUt7WlbalzGkVdlFWn361kftRpB3LP061r7tM6j0Xvij7ooocu9Xk93L-Dlpf2rSlicd4UcKEKRYJAJgoZAETLYNDCGTmweCb0aIwL4LI4T8EiU1TvD548Nds:1tKt4m:yDUQV1_dUu7r4LWUl-U060dDfs0EKH_pe8y-GFwXd68", "expire_date": "2024-12-24T05:46:28.368Z"}}, {"model": "project.profile", "pk": 1, "fields": {"user": 1, "first_name": "Eva", "last_name": "Romero", "email": "eromero3@bu.edu", "address": "bleep bloop"}}, {"model": "project.profile", "pk": 2, "fields": {"user": 3, "first_name": "Emily", "last_name": "Pessina", "email": "epessina@bu.edu", "address": "bleep bloop"}}, {"model": "project.profile", "pk": 3, "fields": {"user": 7, "first_name": "Katrina", "last_name": "Romero", "email": "kate@gmail.com", "address": "meow meow meow meow"}}, {"model": "project.profile", "pk": 4, "fields": {"user": 4, "first_name": "Cordelia", "last_name": "Callaud", "email": "cordie@gmail.com", "address": "20 Winslow Rd. \r\nBrookline, MA 02216"}}, {"model": "project.profile", "pk": 5, "fields": {"user": 6, "first_name": "Duncan", "last_name": "Chamberlain", "email": "chamberlain.du@northeastern.edu", "address": "4 Romar Terrace \r\nBoston, MA"}}, {"model": "project.profile", "pk": 6, "fields": {"user": 5, "first_name": "Grace", "last_name": "Singleton", "email": "grace@gmail.com", "address": "56 Egmont St. \r\nBoston, MA"}}, {"model": "project.profile", "pk": 7, "fields": {"user": 2, "first_name": "Christina", "last_name": "Boye", "email": "cboye@bu.edu", "address": "20 Winslow Rd\r\nBoston, MA"}}, {"model": "project.category", "pk": 1, "fields": {"name": "Electronics", "description": "n/a"}}, {"model": "project.category", "pk": 2, "fields": {"name": "Miscellaneous", "description": "n.a"}}, {"model": "project.category", "pk": 3, "fields": {"name": "Furniture", "description": "blop"}}, {"model": "project.category", "pk": 4, "fields": {"name": "Musical Instruments", "description": "rah"}}, {"model": "project.category", "pk": 5, "fields": {"name": "Pet Supplies", "description": "Thing for your little critters!"}}, {"model": "project.category", "pk": 6, "fields": {"name": "Sporting Goods", "description": ""}}, {"model": "project.category", "pk": 7, "fields": {"name": "Toys and Games", "description": ""}}, {"model": "project.category", "pk": 8, "fields": {"name": "Jewelry", "description": ""}}, {"model": "project.category", "pk": 9, "fields": {"name": "Arts & Crafts", "description": ""}}, {"model": "project.listing", "pk": 1, "fields": {"item_name": "Gaming Headphones", "description": "bleep bloop", "price": "30.00", "seller": 1, "posted_date": "2024-12-09T16:35:38.641Z", "category": 1, "picture": "listing_pictures/Screenshot_2024-12-06_at_12_0reJilo.17.23PM.png"}}, {"model": "project.listing", "pk": 2, "fields": {"item_name": "Puzzle", "description": "puzzle", "price": "15.00", "seller": 2, "posted_date": "2024-12-09T16:35:51.454Z", "category": 2, "picture": "listing_pictures/Screenshot_2024-12-06_at_12_dMydS9w.09.56PM.png"}}, {"model": "project.listing", "pk": 3, "fields": {"item_name": "Computer", "description": "Old Mac, Still in good condition, just a little slow", "price": "500.00", "seller": 3, "posted_date": "2024-12-09T17:48:40.853Z", "category": 1, "picture": "listing_pictures/Screenshot_2024-12-09_at_12.48.24PM.png"}}, {"model": "project.listing", "pk": 4, "fields": {"item_name": "Desk", "description": "Lightly loved desk. I'm moving and I can't take it with me.", "price": "50.00", "seller": 1, "posted_date": "2024-12-09T17:49:32.883Z", "category": 3, "picture": "listing_pictures/Screenshot_2024-12-06_at_12.18.30PM.png"}}, {"model": "project.listing", "pk": 5, "fields": {"item_name": "Kindle", "description": "I got a kindle for christmas but I already have one! Brand New!", "price": "150.00", "seller": 1, "posted_date": "2024-12-09T19:00:16.998Z", "category": 1, "picture": "listing_pictures/Screenshot_2024-12-06_at_12.19.23PM.png"}}, {"model": "project.listing", "pk": 6, "fields": {"item_name": "Antique Mirror", "description": "Antique Mirror from the 1800s", "price": "75.00", "seller": 3, "posted_date": "2024-12-10T01:02:09.898Z", "category": 3, "picture": "listing_pictures/Screenshot_2024-12-09_at_8.01.34PM.png"}}, {"model": "project.listing", "pk": 7, "fields": {"item_name": "Pair of Speakers", "description": "Two really great kick ass 70’s vintage speakers, step up your MCM look with a pair of these babies!", "price": "50.00", "seller": 4, "posted_date": "2024-12-10T01:03:52.170Z", "category": 1, "picture": ""}}, {"model": "project.listing", "pk": 8, "fields": {"item_name": "Electronic Drumset", "description": "Brand new \r\nYou can have it set up for an extra 50 dollars or brand new boxed", "price": "299.99", "seller": 5, "posted_date": "2024-12-10T01:13:38.104Z", "category": 4, "picture": "listing_pictures/Screenshot_2024-12-09_at_8.12.52PM.png"}}, {"model": "project.listing", "pk": 9, "fields": {"item_name": "Keyboard", "description": "Casio PS-X1100 Privia Digital Piano in Black. The product comes with a foot pedal and piano stand. Offers are welcome! Accepting cash offers only.", "price": "350.00", "seller": 6, "posted_date": "2024-12-10T01:14:41.590Z", "category": 4, "picture": "listing_pictures/Screenshot_2024-12-09_at_8.13.52PM.png"}}, {"model": "project.listing", "pk": 10, "fields": {"item_name": "Medium Dog Crate", "description": "Dog crate for medium dogs (not with divider). Our pup outgrew this but it worked great. It folds up and has handles for travel/storage.", "price": "40.00", "seller": 7, "posted_date": "2024-12-10T01:15:23.743Z", "category": 5, "picture": "listing_pictures/Screenshot_2024-12-09_at_8.15.03PM.png"}}, {"model": "project.listing", "pk": 11, "fields": {"item_name": "Dog Crate", "description": "Gray dog crate + bed purchased from PetSmart going for $10", "price": "10.00", "seller": 2, "posted_date": "2024-12-10T01:30:10.192Z", "category": 5, "picture": "listing_pictures/Screenshot_2024-12-09_at_8.29.48PM.png"}}, {"model": "project.inquiry", "pk": 1, "fields": {"buyer": 1, "listing": 2, "message": "I would like to buy this!", "sent_date": "2024-12-09T18:33:22.480Z"}}, {"model": "project.inquiry", "pk": 2, "fields": {"buyer": 1, "listing": 2, "message": "this is eva making an inquiry!", "sent_date": "2024-12-09T19:11:53.953Z"}}, {"model": "project.inquiry", "pk": 3, "fields": {"buyer": 1, "listing": 2, "message": "testing inquiry confirmation.", "sent_date": "2024-12-09T19:13:22.903Z"}}, {"model": "project.inquiry", "pk": 4, "fields": {"buyer": 1, "listing": 2, "message": "testing inquiry confirmation.", "sent_date": "2024-12-09T19:17:03.038Z"}}, {"model": "project.inquiry", "pk": 5, "fields": {"buyer": 1, "listing": 2, "message": "inquiry confirmation pt. 2", "sent_date": "2024-12-09T19:17:10.049Z"}}, {"model": "project.inquiry", "pk": 6, "fields": {"buyer": 1, "listing": 2, "message": "inquiry confirmation pt. ??", "sent_date": "2024-12-09T19:19:56.654Z"}}, {"model": "project.inquiry", "pk": 7, "fields": {"buyer": 2, "listing": 1, "message": "i, emily, want these headphones", "sent_date": "2024-12-10T00:12:16.838Z"}}, {"model": "project.inquiry", "pk": 8, "fields": {"buyer": 1, "listing": 9, "message": "I would love to buy this!", "sent_date": "2024-12-10T04:30:23.970Z"}}, {"model": "project.inquiry", "pk": 9, "fields": {"buyer": 1, "listing": 6, "message": "Hi! I would like to buy this mirror!", "sent_date": "2024-12-10T15:36:10.491Z"}}, {"model": "project.inquiry", "pk": 10, "fields": {"buyer": 1, "listing": 6, "message": "This is me making another inquiry!", "sent_date": "2024-12-10T15:37:05.159Z"}}]